Email,Password,Name
paperscoastalcountries@jigglemail.com,RDXS2URA$,Andrew
walteralberthad@jigglemail.com,6NUAN1T4$,Caroline
replicationtogetherflorida@jigglemail.com,ZTMBN4JJ$,Mary
accessiblesetstransition@jigglemail.com,4IQNTWV6$,Anna
protectingpromisewow@jigglemail.com,0UWNI0QF$,John
intelligenceterminalsatmosphere@jigglemail.com,WLRM1NIR$,Dennis
combinationciacongratulations@jigglemail.com,29LRK1EY$,Gaye
thicknesspanasoniccopy@jigglemail.com,WEAGQ2EM$,Bart
absenceticketsamend@jigglemail.com,QA3LKFYR$,Leroy
admitfairfielduc@jigglemail.com,NI5SQV4O$,Ronnie
vectorworldsnebraska@jigglemail.com,IJO1ZTX4$,Wilma
wristsupervisorequal@jigglemail.com,DC81A9OY$,Lillian
entirelyfrenchprescription@jigglemail.com,R8WYK945$,Marie
geneticsdonatebaths@jigglemail.com,3VRVBGXT$,Arthur
screenslendershierarchy@jigglemail.com,NJCT0OJ7$,Russell
pleasedhomelandzu@jigglemail.com,D5258KZL$,Elizabeth
ebooksspeaksbaby@jigglemail.com,3KZUYSPE$,Karen
grasnursingdetection@jigglemail.com,SABH4CB7$,Saul
indoorcockshacker@jigglemail.com,V9T38SGH$,Ismael
integritydifferentlynights@jigglemail.com,CF3C5FOL$,Robert
feefilteringhockey@jigglemail.com,OWFHG2CC$,Etha
boundariesgilbertrome@jigglemail.com,T8XM94AR$,Myron
correspondingspeakerimpact@jigglemail.com,S6A91ZCA$,Brian
blinkconfidentialmichel@jigglemail.com,DLQZK8D1$,Ben
zumplasticbracelets@jigglemail.com,7BS8I4N3$,Ruth
muzechristianmedia@jigglemail.com,NYWBKLRN$,Marilou
wanteddublingamma@jigglemail.com,R7FMBLWY$,Mary
richardmonthsphilip@jigglemail.com,63UP0NDO$,Belinda
hentaisecurecomposite@jigglemail.com,KIXB8ADN$,Larry
artworkpetesubscriptions@jigglemail.com,Q9C5Q52K$,David
drillconcertshad@jigglemail.com,ESGFR18V$,Elizabeth
brookssystemecological@jigglemail.com,UZ66Z0MB$,Dennis
computingtokenonly@jigglemail.com,MZW3W0CE$,Wanda
associatedpianohash@jigglemail.com,3KIPR1EW$,Amy
textbookswrightmemorial@jigglemail.com,77UGLCDF$,Mary
conventionalgapsoaks@jigglemail.com,DM5DU88M$,Travis
discussgraintopics@jigglemail.com,HZH9D368$,Donald
carbinterinfo@jigglemail.com,5OCULIBB$,Melissa
ilpleasantopera@jigglemail.com,6IAM8NTZ$,Aaron
dishesattemptedarchitecture@jigglemail.com,2A7HS470$,Alfred
dishaccrhythm@jigglemail.com,6AUGP6ZX$,Kathie
newfoundlandbeadsfloors@jigglemail.com,8E2V0K8S$,Ali
selectionscitizensbutter@jigglemail.com,5ETJ2FB7$,Bert
physiciangangsuppose@jigglemail.com,U89R671L$,Nancy
reidthinkpadthong@jigglemail.com,P2NBW1W6$,Darcy
bleedingreturningedward@jigglemail.com,2KN1QKID$,Sylvia
luisixsubject@jigglemail.com,5I6KL0UW$,Clarence
hardcoreturnturkish@jigglemail.com,3AP29G1J$,Sharon
sureapprovalnaturals@jigglemail.com,J78AGBPJ$,Terence
akshapestools@jigglemail.com,WLF3LBWQ$,Mohammad
classroombathsuspension@jigglemail.com,HCC2BZFD$,Maria
lotreserveslat@jigglemail.com,UXN4TRQR$,Randal
annprintedideal@jigglemail.com,8KKHW3ZE$,Hazel
awsincerosa@jigglemail.com,3PD1NSCX$,Shirley
femalebeaversaves@jigglemail.com,GBKW4RWV$,Staci
drillwmgreen@jigglemail.com,7FG17LFX$,Robert
continuouslaboratoriesje@jigglemail.com,64CM2FDM$,Sandra
stateluxurybishop@jigglemail.com,V0MEB5F5$,Stacie
liberalbrideparadise@jigglemail.com,6CCPZO2G$,Melani
maintaincupvisiting@jigglemail.com,NP684Y10$,Tony
flavorhandhelddrain@jigglemail.com,O9W0EHP9$,Robert
hamburgnumericnorthern@jigglemail.com,TYVJIDV5$,Ronald
boyscheatsuspected@jigglemail.com,TZN2L358$,Johnnie
heellatinrelease@jigglemail.com,DLWAYKKD$,Digna
costsspecificsticky@jigglemail.com,RSFA2W1P$,Janet
popfishingsafe@jigglemail.com,A65NEEGZ$,Kimberly
punishmentsomeonelicking@jigglemail.com,304PF6M0$,George
dnamoscowzu@jigglemail.com,HJ8LIN8W$,Clarence
staterightoffline@jigglemail.com,ZJB6UGYD$,Martha
lanemachinegreene@jigglemail.com,LMGXOWSC$,Kristopher
thereofanythingmg@jigglemail.com,6X7Z1L4C$,William
peeingjoelbdsm@jigglemail.com,YSCB2IAK$,Myra
globemomentumbright@jigglemail.com,0ONBTU3N$,Mary
ciaoagentsreject@jigglemail.com,28IT5DIZ$,Donald
positionsdiegoresumes@jigglemail.com,34I1UHM1$,Patricia
setupinvestorshenry@jigglemail.com,EZ4A4JOS$,Marilyn
socketmessoffering@jigglemail.com,613PB2UT$,Timmy
antiquesroyaltyheaders@jigglemail.com,HUCYRFZU$,Sandra
observationsogoverall@jigglemail.com,LPDGA7JT$,Wallace
yedestroyedreynolds@jigglemail.com,SGRXJ9KI$,Edward
tripsconsequencemerchants@jigglemail.com,H4SP2M8Y$,Jonathon
cablelendinghumans@jigglemail.com,P4A9N3RQ$,Andrew
substantialscreeningcope@jigglemail.com,F2PWOU76$,Ben
hostingdannymotors@jigglemail.com,VH9JB4WO$,Allison
migrationconcludecollapse@jigglemail.com,T3RD6TOM$,Mark
syndicatedespitecalling@jigglemail.com,R8FLAVJJ$,Vivian
batteriesdisciplinelegislation@jigglemail.com,W1FMUR9G$,Joseph
refugeesruralscale@jigglemail.com,BYMXV47E$,Velma
millerthailandpharmaceuticals@jigglemail.com,WO4UJ79C$,Geneva
fellowshipsubstancesnascar@jigglemail.com,2GRW54F0$,Lisa
advocateclickingcio@jigglemail.com,2NVFA4KN$,Philip
pissingmaternitycasa@jigglemail.com,XQN9DIFC$,Bethany
hatearisingattend@jigglemail.com,76DPAF9I$,Golda
victoriabirdsregards@jigglemail.com,SPFYMKU4$,Jacob
clarksurvivorwichita@jigglemail.com,OENQRM02$,Coleen
appliedlandingmusician@jigglemail.com,25ZIK12D$,Garth
consolidateddoeshungry@jigglemail.com,M8HQ1J12$,Carol
taxiorganizetrusted@jigglemail.com,S6VLLO5M$,Roberta
princepurchasedbilly@jigglemail.com,E5MWTKK3$,Julius
placementopportunityseem@jigglemail.com,KRVU8MLC$,Richard
infinitestudywho@jigglemail.com,43980T2V$,Freda
alignmentmontecollaborative@jigglemail.com,P14KOI5U$,Keith
cheapsentencelay@jigglemail.com,U4VXUHKU$,Thomas
polarsalmonnil@jigglemail.com,OMSTQORL$,Todd
medlinetimfingering@jigglemail.com,6L8R3TNK$,Lindsey
queriesamandaworld@jigglemail.com,5DMSN4LP$,David
valvesgraduatevictorian@jigglemail.com,3QIYMQB3$,Cynthia
electionsinstallationfeaturing@jigglemail.com,OJX52SHR$,Sam
considerationrightsvisitor@jigglemail.com,Z9GMH7R7$,Sanjuanita
reflectionsantiquesthee@jigglemail.com,U0CITQMK$,Carla
hansenconfirmfeat@jigglemail.com,Z709Z6F9$,Delphia
defectstigersregulation@jigglemail.com,G08NM8IS$,Daniel
inheritedlodgerealized@jigglemail.com,QDGDAUBX$,Todd
adventuresutilityminiature@jigglemail.com,5L6JI0DV$,Mary
polishedpreviewsinf@jigglemail.com,0JT8G6E5$,Patricia
wemeanexcessive@jigglemail.com,4DW0GXSQ$,Doris
organismsfamebrave@jigglemail.com,G6J7WQZY$,Bethany
prairiemotherinterim@jigglemail.com,TWVZ9LVY$,Ernest
lbsdistanceguide@jigglemail.com,QEZBAKL1$,Misty
rolesnilsacred@jigglemail.com,P30UIKRL$,Nathaniel
henrychoseundefined@jigglemail.com,BS322H2O$,Kathleen
therapistannouncesaaa@jigglemail.com,022LQ52M$,Rex
mozambiquecolorsdoor@jigglemail.com,DSFU6W5O$,Pauline
assumeweresept@jigglemail.com,NU3LLWCY$,Bryan
yeaprojectorsalbum@jigglemail.com,OJ4XCMRQ$,Aaron
characterizationragecorporation@jigglemail.com,MH49MVK0$,Matt
delayobserverclinton@jigglemail.com,GOEREV32$,James
specifiedmarkersfed@jigglemail.com,RKK0GOXW$,Alberta
obviousimpliedyields@jigglemail.com,0DEVAYZQ$,Darrin
pursuittimelinemomentum@jigglemail.com,96ULG87E$,Lance
lilsecpremises@jigglemail.com,9AZPJACA$,Stephanie
gibraltartellcharlotte@jigglemail.com,HNTYMP5M$,Dovie
probleminfantjewish@jigglemail.com,MPG3IVHP$,Bobbie
markertireensuring@jigglemail.com,F3M7VF74$,William
titlesiranwrist@jigglemail.com,TSWVRC0U$,Stanley
enterpriseslabelepa@jigglemail.com,37YQ8AKN$,Charles
reductionlocalrick@jigglemail.com,HMPCAKOE$,Nancy
buildingsagainch@jigglemail.com,M0J5T4KO$,Mark
hostelsstickerparties@jigglemail.com,REP0NAUF$,Gary
calculatorsbridalcollectibles@jigglemail.com,GHXBV9G0$,Nancy
mpddcliff@jigglemail.com,XPGV9YWV$,Loretta
confidenceridervoyuer@jigglemail.com,8AXDWT31$,Nannie
greekhowtovancouver@jigglemail.com,OK9OLFUX$,Debra
instructorsguitarencounter@jigglemail.com,AJMTSXIP$,Timothy
lotusinstrumentsbracket@jigglemail.com,RB388A27$,Nichole
sortedhumantrainer@jigglemail.com,1HRRUWTF$,Michael
bridesloveniacambridge@jigglemail.com,LNSO3XFW$,Larry
yieldsdresseswave@jigglemail.com,0NPB0IYT$,Dale
citiesincludedmonster@jigglemail.com,6YSWWF8R$,Margaret
propioneerrules@jigglemail.com,S7939WDK$,Teri
updateblclassic@jigglemail.com,ZP061TNK$,Linda
callsinitialsince@jigglemail.com,U3TBW74J$,Mildred
platescontactingrefresh@jigglemail.com,WH2CHGA5$,Kellie
impactsindicatekid@jigglemail.com,VT148XMT$,Karen
worseproteinsql@jigglemail.com,Z7FJ996J$,Maria
usdsportsphilips@jigglemail.com,94CNEU4S$,Desiree
carryingmartrequests@jigglemail.com,VO7FD3Q2$,Elroy
exciteddrunkxerox@jigglemail.com,XI36DY8C$,Frederick
iiispecificswallpaper@jigglemail.com,DS1RZMM5$,Ramon
promotesboneebook@jigglemail.com,G0II3EPY$,William
serbiabrothervisibility@jigglemail.com,Q91CFRZC$,Debra
poweredservesboards@jigglemail.com,P3QEYTDC$,Cynthia
pointersaturdayflu@jigglemail.com,AHDXHMBK$,James
detroitorganizingalarm@jigglemail.com,O0SJ8XA7$,Zachary
tigersixseemed@jigglemail.com,DC8L09SS$,Peggy
cognitivetimerfisheries@jigglemail.com,765VPKOA$,Martha
witchinsideaustin@jigglemail.com,RQNDQZPT$,Wanda
tattoowarehouseparties@jigglemail.com,0TYP8H27$,Leonard
valleyselectdenmark@jigglemail.com,SWKFPICA$,Amber
betterexposureins@jigglemail.com,TLLESQLR$,Janice
estimatedmercedesdryer@jigglemail.com,7R1N4ZDJ$,Frederick
featuresstudguard@jigglemail.com,MH53UUQW$,Joseph
goreremoteconvertible@jigglemail.com,13KJ5Q5I$,Debra
happinessguestshrs@jigglemail.com,HIJQ30HQ$,Sharon
genomeaccompanyingmicrosoft@jigglemail.com,9WIDJFDC$,Cheryl
dareprojectsdiversity@jigglemail.com,T5MZL7FY$,Donovan
prospectsmillionsadvances@jigglemail.com,S6TVR3NG$,Bobbie
recordcloserharvey@jigglemail.com,VH8IGUQT$,Dana
amendedexhaustemirates@jigglemail.com,ZF056JXK$,Jane
requestedshootbring@jigglemail.com,ZIAOMVZE$,James
disputehdworth@jigglemail.com,IP6ASM04$,Glen
southwesttraybuffalo@jigglemail.com,NQDV837K$,Tori
begintionimported@jigglemail.com,ZARI8VUD$,Mary
assessingeveryxl@jigglemail.com,FOLDLWIW$,Darren
cakesgermanylawrence@jigglemail.com,JMYH8UMP$,Mary
infraredlebanonbr@jigglemail.com,V41CF4UN$,James
transitemperorblood@jigglemail.com,LWFFQR6K$,Joy
coremarkpreview@jigglemail.com,S5YTQUK7$,Gloria
hintsunknowndesert@jigglemail.com,Y1FYLA2T$,Richard
artsrealtorsgrade@jigglemail.com,OV4A0HLW$,Rose
sheriffoptionsmathematics@jigglemail.com,KOL07WP6$,Mary
understoodoperatinghas@jigglemail.com,D43VBO7S$,Sammie
renoanythingask@jigglemail.com,3EBYSAY2$,Catherine
momscanadianhalfcom@jigglemail.com,NO3MNKV7$,Judith
extensioncausebirth@jigglemail.com,MZFMAMDV$,Lorene
eightinfspouse@jigglemail.com,1IAZQ7DL$,Virginia
applylouiseterry@jigglemail.com,T0Q64QUA$,Mabel
governancevidjoining@jigglemail.com,GTOETSU3$,Ed