"ID","Thread","Date","From","To","Subject","Snippet","Labels","Link"
18c287ae7544faca,18c287ae7544faca,"Sat, 02 Dec 2023 03:03:10 GMT",Google <no-reply@accounts.google.com>,troyfetzner64@gmail.com,Security alert,"Mailmeteor was granted access to your Google Account troyfetzner64@gmail.com If you did not grant access, you should check this activity and secure your account. Check activity You can also see","UNREAD, CATEGORY_UPDATES, INBOX",https://mail.google.com/mail/u/0/#inbox/18c287ae7544faca
18c28555b832d849,18c284368af3a608,"Sat, 02 Dec 2023 02:22:02 +0000 (UTC)",Instacart <no-reply@instacart.com>,understoodoperatinghas@jigglemail.com,Verify your email address,Keep your account secure Please click the button below to confirm your email address so you can always access your account and receive important information from us. Verify your email If you did not,"CATEGORY_UPDATES, INBOX",https://mail.google.com/mail/u/0/#inbox/18c28555b832d849
18c2854a8827cfb2,18c284368af3a608,"Sat, 02 Dec 2023 02:21:18 +0000 (UTC)",Instacart <no-reply@instacart.com>,coremarkpreview@jigglemail.com,Verify your email address,Keep your account secure Please click the button below to confirm your email address so you can always access your account and receive important information from us. Verify your email If you did not,"CATEGORY_UPDATES, INBOX",https://mail.google.com/mail/u/0/#inbox/18c2854a8827cfb2
18c2854210206fd5,18c284368af3a608,"Sat, 02 Dec 2023 02:20:40 +0000 (UTC)",Instacart <no-reply@instacart.com>,transitemperorblood@jigglemail.com,Verify your email address,Keep your account secure Please click the button below to confirm your email address so you can always access your account and receive important information from us. Verify your email If you did not,"CATEGORY_UPDATES, INBOX",https://mail.google.com/mail/u/0/#inbox/18c2854210206fd5
18c28532d173f0ab,18c284368af3a608,"Sat, 02 Dec 2023 02:19:42 +0000 (UTC)",Instacart <no-reply@instacart.com>,begintionimported@jigglemail.com,Verify your email address,Keep your account secure Please click the button below to confirm your email address so you can always access your account and receive important information from us. Verify your email If you did not,"CATEGORY_UPDATES, INBOX",https://mail.google.com/mail/u/0/#inbox/18c28532d173f0ab
18c285303dc45560,18c284368af3a608,"Sat, 02 Dec 2023 02:19:29 +0000 (UTC)",Instacart <no-reply@instacart.com>,disputehdworth@jigglemail.com,Verify your email address,Keep your account secure Please click the button below to confirm your email address so you can always access your account and receive important information from us. Verify your email If you did not,"CATEGORY_UPDATES, INBOX",https://mail.google.com/mail/u/0/#inbox/18c285303dc45560
18c2852b4e9a3455,18c284368af3a608,"Sat, 02 Dec 2023 02:19:06 +0000 (UTC)",Instacart <no-reply@instacart.com>,recordcloserharvey@jigglemail.com,Verify your email address,Keep your account secure Please click the button below to confirm your email address so you can always access your account and receive important information from us. Verify your email If you did not,"CATEGORY_UPDATES, INBOX",https://mail.google.com/mail/u/0/#inbox/18c2852b4e9a3455
18c28526bc1bda7a,18c284368af3a608,"Sat, 02 Dec 2023 02:18:50 +0000 (UTC)",Instacart <no-reply@instacart.com>,dareprojectsdiversity@jigglemail.com,Verify your email address,Keep your account secure Please click the button below to confirm your email address so you can always access your account and receive important information from us. Verify your email If you did not,"CATEGORY_UPDATES, INBOX",https://mail.google.com/mail/u/0/#inbox/18c28526bc1bda7a
18c2851f34293ac5,18c284368af3a608,"Sat, 02 Dec 2023 02:18:21 +0000 (UTC)",Instacart <no-reply@instacart.com>,goreremoteconvertible@jigglemail.com,Verify your email address,Keep your account secure Please click the button below to confirm your email address so you can always access your account and receive important information from us. Verify your email If you did not,"CATEGORY_UPDATES, INBOX",https://mail.google.com/mail/u/0/#inbox/18c2851f34293ac5
18c2851a42787dcf,18c284368af3a608,"Sat, 02 Dec 2023 02:18:01 +0000 (UTC)",Instacart <no-reply@instacart.com>,estimatedmercedesdryer@jigglemail.com,Verify your email address,Keep your account secure Please click the button below to confirm your email address so you can always access your account and receive important information from us. Verify your email If you did not,"CATEGORY_UPDATES, INBOX",https://mail.google.com/mail/u/0/#inbox/18c2851a42787dcf
18c285144c578949,18c284368af3a608,"Sat, 02 Dec 2023 02:17:35 +0000 (UTC)",Instacart <no-reply@instacart.com>,tattoowarehouseparties@jigglemail.com,Verify your email address,Keep your account secure Please click the button below to confirm your email address so you can always access your account and receive important information from us. Verify your email If you did not,"CATEGORY_UPDATES, INBOX",https://mail.google.com/mail/u/0/#inbox/18c285144c578949
18c2851238456c54,18c284368af3a608,"Sat, 02 Dec 2023 02:17:24 +0000 (UTC)",Instacart <no-reply@instacart.com>,witchinsideaustin@jigglemail.com,Verify your email address,Keep your account secure Please click the button below to confirm your email address so you can always access your account and receive important information from us. Verify your email If you did not,"CATEGORY_UPDATES, INBOX",https://mail.google.com/mail/u/0/#inbox/18c2851238456c54
18c284fa93f99d67,18c284368af3a608,"Sat, 02 Dec 2023 02:15:51 +0000 (UTC)",Instacart <no-reply@instacart.com>,exciteddrunkxerox@jigglemail.com,Verify your email address,Keep your account secure Please click the button below to confirm your email address so you can always access your account and receive important information from us. Verify your email If you did not,"CATEGORY_UPDATES, INBOX",https://mail.google.com/mail/u/0/#inbox/18c284fa93f99d67
18c284f93d7c9645,18c284368af3a608,"Sat, 02 Dec 2023 02:15:45 +0000 (UTC)",Instacart <no-reply@instacart.com>,carryingmartrequests@jigglemail.com,Verify your email address,Keep your account secure Please click the button below to confirm your email address so you can always access your account and receive important information from us. Verify your email If you did not,"CATEGORY_UPDATES, INBOX",https://mail.google.com/mail/u/0/#inbox/18c284f93d7c9645
18c284f542fa10b2,18c284368af3a608,"Sat, 02 Dec 2023 02:15:28 +0000 (UTC)",Instacart <no-reply@instacart.com>,usdsportsphilips@jigglemail.com,Verify your email address,Keep your account secure Please click the button below to confirm your email address so you can always access your account and receive important information from us. Verify your email If you did not,"CATEGORY_UPDATES, INBOX",https://mail.google.com/mail/u/0/#inbox/18c284f542fa10b2
18c284d96acff863,18c284368af3a608,"Sat, 02 Dec 2023 02:13:31 +0000 (UTC)",Instacart <no-reply@instacart.com>,propioneerrules@jigglemail.com,Verify your email address,Keep your account secure Please click the button below to confirm your email address so you can always access your account and receive important information from us. Verify your email If you did not,"CATEGORY_UPDATES, INBOX",https://mail.google.com/mail/u/0/#inbox/18c284d96acff863
18c284d954843317,18c284368af3a608,"Sat, 02 Dec 2023 02:13:35 +0000 (UTC)",Instacart <no-reply@instacart.com>,updateblclassic@jigglemail.com,Verify your email address,Keep your account secure Please click the button below to confirm your email address so you can always access your account and receive important information from us. Verify your email If you did not,"CATEGORY_UPDATES, INBOX",https://mail.google.com/mail/u/0/#inbox/18c284d954843317
18c284cb0886896e,18c284368af3a608,"Sat, 02 Dec 2023 02:12:36 +0000 (UTC)",Instacart <no-reply@instacart.com>,bridesloveniacambridge@jigglemail.com,Verify your email address,Keep your account secure Please click the button below to confirm your email address so you can always access your account and receive important information from us. Verify your email If you did not,"CATEGORY_UPDATES, INBOX",https://mail.google.com/mail/u/0/#inbox/18c284cb0886896e
18c284be7e3713d6,18c284368af3a608,"Sat, 02 Dec 2023 02:11:30 +0000 (UTC)",Instacart <no-reply@instacart.com>,confidenceridervoyuer@jigglemail.com,Verify your email address,Keep your account secure Please click the button below to confirm your email address so you can always access your account and receive important information from us. Verify your email If you did not,"CATEGORY_UPDATES, INBOX",https://mail.google.com/mail/u/0/#inbox/18c284be7e3713d6
18c284a4145ccfcb,18c284368af3a608,"Sat, 02 Dec 2023 02:09:55 +0000 (UTC)",Instacart <no-reply@instacart.com>,lilsecpremises@jigglemail.com,Verify your email address,Keep your account secure Please click the button below to confirm your email address so you can always access your account and receive important information from us. Verify your email If you did not,"CATEGORY_UPDATES, INBOX",https://mail.google.com/mail/u/0/#inbox/18c284a4145ccfcb
18c2849d34d69ae2,18c284368af3a608,"Sat, 02 Dec 2023 02:09:28 +0000 (UTC)",Instacart <no-reply@instacart.com>,delayobserverclinton@jigglemail.com,Verify your email address,Keep your account secure Please click the button below to confirm your email address so you can always access your account and receive important information from us. Verify your email If you did not,"CATEGORY_UPDATES, INBOX",https://mail.google.com/mail/u/0/#inbox/18c2849d34d69ae2
18c2848ed7f50008,18c284368af3a608,"Sat, 02 Dec 2023 02:08:29 +0000 (UTC)",Instacart <no-reply@instacart.com>,therapistannouncesaaa@jigglemail.com,Verify your email address,Keep your account secure Please click the button below to confirm your email address so you can always access your account and receive important information from us. Verify your email If you did not,"CATEGORY_UPDATES, INBOX",https://mail.google.com/mail/u/0/#inbox/18c2848ed7f50008
18c28485ec009fb9,18c284368af3a608,"Sat, 02 Dec 2023 02:07:53 +0000 (UTC)",Instacart <no-reply@instacart.com>,rolesnilsacred@jigglemail.com,Verify your email address,Keep your account secure Please click the button below to confirm your email address so you can always access your account and receive important information from us. Verify your email If you did not,"CATEGORY_UPDATES, INBOX",https://mail.google.com/mail/u/0/#inbox/18c28485ec009fb9
18c2847373e60cc9,18c284368af3a608,"Sat, 02 Dec 2023 02:06:37 +0000 (UTC)",Instacart <no-reply@instacart.com>,organismsfamebrave@jigglemail.com,Verify your email address,Keep your account secure Please click the button below to confirm your email address so you can always access your account and receive important information from us. Verify your email If you did not,"CATEGORY_UPDATES, INBOX",https://mail.google.com/mail/u/0/#inbox/18c2847373e60cc9
18c2846bad2595fc,18c284368af3a608,"Sat, 02 Dec 2023 02:06:06 +0000 (UTC)",Instacart <no-reply@instacart.com>,inheritedlodgerealized@jigglemail.com,Verify your email address,Keep your account secure Please click the button below to confirm your email address so you can always access your account and receive important information from us. Verify your email If you did not,"CATEGORY_UPDATES, INBOX",https://mail.google.com/mail/u/0/#inbox/18c2846bad2595fc
18c28445e65138d6,18c284368af3a608,"Sat, 02 Dec 2023 02:03:27 +0000 (UTC)",Instacart <no-reply@instacart.com>,queriesamandaworld@jigglemail.com,Verify your email address,Keep your account secure Please click the button below to confirm your email address so you can always access your account and receive important information from us. Verify your email If you did not,"CATEGORY_UPDATES, INBOX",https://mail.google.com/mail/u/0/#inbox/18c28445e65138d6
18c2843bdcdb0f7b,18c284368af3a608,"Sat, 02 Dec 2023 02:02:47 +0000 (UTC)",Instacart <no-reply@instacart.com>,cheapsentencelay@jigglemail.com,Verify your email address,Keep your account secure Please click the button below to confirm your email address so you can always access your account and receive important information from us. Verify your email If you did not,"CATEGORY_UPDATES, INBOX",https://mail.google.com/mail/u/0/#inbox/18c2843bdcdb0f7b
18c284368af3a608,18c284368af3a608,"Sat, 02 Dec 2023 02:02:26 +0000 (UTC)",Instacart <no-reply@instacart.com>,infinitestudywho@jigglemail.com,Verify your email address,Keep your account secure Please click the button below to confirm your email address so you can always access your account and receive important information from us. Verify your email If you did not,"CATEGORY_UPDATES, INBOX",https://mail.google.com/mail/u/0/#inbox/18c284368af3a608
18c2842ce7d41bcf,18c28272a1b6c697,"Sat, 02 Dec 2023 02:01:45 +0000 (UTC)",Instacart <no-reply@instacart.com>,taxiorganizetrusted@jigglemail.com,Verify your email address,Keep your account secure Please click the button below to confirm your email address so you can always access your account and receive important information from us. Verify your email If you did not,"CATEGORY_UPDATES, INBOX",https://mail.google.com/mail/u/0/#inbox/18c2842ce7d41bcf
18c2841098b7d896,18c28272a1b6c697,"Sat, 02 Dec 2023 01:59:52 +0000 (UTC)",Instacart <no-reply@instacart.com>,clarksurvivorwichita@jigglemail.com,Verify your email address,Keep your account secure Please click the button below to confirm your email address so you can always access your account and receive important information from us. Verify your email If you did not,"CATEGORY_UPDATES, INBOX",https://mail.google.com/mail/u/0/#inbox/18c2841098b7d896
18c2840e01ffcc61,18c28272a1b6c697,"Sat, 02 Dec 2023 01:59:42 +0000 (UTC)",Instacart <no-reply@instacart.com>,victoriabirdsregards@jigglemail.com,Verify your email address,Keep your account secure Please click the button below to confirm your email address so you can always access your account and receive important information from us. Verify your email If you did not,"CATEGORY_UPDATES, INBOX",https://mail.google.com/mail/u/0/#inbox/18c2840e01ffcc61
18c28408308df831,18c28272a1b6c697,"Sat, 02 Dec 2023 01:59:14 +0000 (UTC)",Instacart <no-reply@instacart.com>,advocateclickingcio@jigglemail.com,Verify your email address,Keep your account secure Please click the button below to confirm your email address so you can always access your account and receive important information from us. Verify your email If you did not,"CATEGORY_UPDATES, INBOX",https://mail.google.com/mail/u/0/#inbox/18c28408308df831
18c283ef8826141e,18c28272a1b6c697,"Sat, 02 Dec 2023 01:57:36 +0000 (UTC)",Instacart <no-reply@instacart.com>,cablelendinghumans@jigglemail.com,Verify your email address,Keep your account secure Please click the button below to confirm your email address so you can always access your account and receive important information from us. Verify your email If you did not,"CATEGORY_UPDATES, INBOX",https://mail.google.com/mail/u/0/#inbox/18c283ef8826141e
18c283ea38ea1a80,18c28272a1b6c697,"Sat, 02 Dec 2023 01:57:16 +0000 (UTC)",Instacart <no-reply@instacart.com>,yedestroyedreynolds@jigglemail.com,Verify your email address,Keep your account secure Please click the button below to confirm your email address so you can always access your account and receive important information from us. Verify your email If you did not,"CATEGORY_UPDATES, INBOX",https://mail.google.com/mail/u/0/#inbox/18c283ea38ea1a80
18c283e8f0f0e2ad,18c28272a1b6c697,"Sat, 02 Dec 2023 01:57:10 +0000 (UTC)",Instacart <no-reply@instacart.com>,observationsogoverall@jigglemail.com,Verify your email address,Keep your account secure Please click the button below to confirm your email address so you can always access your account and receive important information from us. Verify your email If you did not,"CATEGORY_UPDATES, INBOX",https://mail.google.com/mail/u/0/#inbox/18c283e8f0f0e2ad
18c283d29998c034,18c28272a1b6c697,"Sat, 02 Dec 2023 01:55:38 +0000 (UTC)",Instacart <no-reply@instacart.com>,globemomentumbright@jigglemail.com,Verify your email address,Keep your account secure Please click the button below to confirm your email address so you can always access your account and receive important information from us. Verify your email If you did not,"CATEGORY_UPDATES, INBOX",https://mail.google.com/mail/u/0/#inbox/18c283d29998c034
18c283ce63404b9e,18c28272a1b6c697,"Sat, 02 Dec 2023 01:55:19 +0000 (UTC)",Instacart <no-reply@instacart.com>,thereofanythingmg@jigglemail.com,Verify your email address,Keep your account secure Please click the button below to confirm your email address so you can always access your account and receive important information from us. Verify your email If you did not,"CATEGORY_UPDATES, INBOX",https://mail.google.com/mail/u/0/#inbox/18c283ce63404b9e
18c283ccf9b076d5,18c28272a1b6c697,"Sat, 02 Dec 2023 01:55:15 +0000 (UTC)",Instacart <no-reply@instacart.com>,lanemachinegreene@jigglemail.com,Verify your email address,Keep your account secure Please click the button below to confirm your email address so you can always access your account and receive important information from us. Verify your email If you did not,"CATEGORY_UPDATES, INBOX",https://mail.google.com/mail/u/0/#inbox/18c283ccf9b076d5
18c283c7df52ab52,18c28272a1b6c697,"Sat, 02 Dec 2023 01:54:52 +0000 (UTC)",Instacart <no-reply@instacart.com>,dnamoscowzu@jigglemail.com,Verify your email address,Keep your account secure Please click the button below to confirm your email address so you can always access your account and receive important information from us. Verify your email If you did not,"CATEGORY_UPDATES, INBOX",https://mail.google.com/mail/u/0/#inbox/18c283c7df52ab52
18c283c1cec38af4,18c28272a1b6c697,"Sat, 02 Dec 2023 01:54:30 +0000 (UTC)",Instacart <no-reply@instacart.com>,popfishingsafe@jigglemail.com,Verify your email address,Keep your account secure Please click the button below to confirm your email address so you can always access your account and receive important information from us. Verify your email If you did not,"CATEGORY_UPDATES, INBOX",https://mail.google.com/mail/u/0/#inbox/18c283c1cec38af4
18c283b76fdf8151,18c28272a1b6c697,"Sat, 02 Dec 2023 01:53:47 +0000 (UTC)",Instacart <no-reply@instacart.com>,hamburgnumericnorthern@jigglemail.com,Verify your email address,Keep your account secure Please click the button below to confirm your email address so you can always access your account and receive important information from us. Verify your email If you did not,"CATEGORY_UPDATES, INBOX",https://mail.google.com/mail/u/0/#inbox/18c283b76fdf8151
18c283b4570cac37,18c28272a1b6c697,"Sat, 02 Dec 2023 01:53:33 +0000 (UTC)",Instacart <no-reply@instacart.com>,maintaincupvisiting@jigglemail.com,Verify your email address,Keep your account secure Please click the button below to confirm your email address so you can always access your account and receive important information from us. Verify your email If you did not,"CATEGORY_UPDATES, INBOX",https://mail.google.com/mail/u/0/#inbox/18c283b4570cac37
18c283b24e5cef45,18c28272a1b6c697,"Sat, 02 Dec 2023 01:53:27 +0000 (UTC)",Instacart <no-reply@instacart.com>,liberalbrideparadise@jigglemail.com,Verify your email address,Keep your account secure Please click the button below to confirm your email address so you can always access your account and receive important information from us. Verify your email If you did not,"CATEGORY_UPDATES, INBOX",https://mail.google.com/mail/u/0/#inbox/18c283b24e5cef45
18c283ac1ef74a4e,18c28272a1b6c697,"Sat, 02 Dec 2023 01:53:01 +0000 (UTC)",Instacart <no-reply@instacart.com>,drillwmgreen@jigglemail.com,Verify your email address,Keep your account secure Please click the button below to confirm your email address so you can always access your account and receive important information from us. Verify your email If you did not,"CATEGORY_UPDATES, INBOX",https://mail.google.com/mail/u/0/#inbox/18c283ac1ef74a4e
18c2839f8ea9b00f,18c28272a1b6c697,"Sat, 02 Dec 2023 01:52:10 +0000 (UTC)",Instacart <no-reply@instacart.com>,lotreserveslat@jigglemail.com,Verify your email address,Keep your account secure Please click the button below to confirm your email address so you can always access your account and receive important information from us. Verify your email If you did not,"CATEGORY_UPDATES, INBOX",https://mail.google.com/mail/u/0/#inbox/18c2839f8ea9b00f
18c283973865d18e,18c28272a1b6c697,"Sat, 02 Dec 2023 01:51:33 +0000 (UTC)",Instacart <no-reply@instacart.com>,sureapprovalnaturals@jigglemail.com,Verify your email address,Keep your account secure Please click the button below to confirm your email address so you can always access your account and receive important information from us. Verify your email If you did not,"CATEGORY_UPDATES, INBOX",https://mail.google.com/mail/u/0/#inbox/18c283973865d18e
18c28394a360bcf7,18c28272a1b6c697,"Sat, 02 Dec 2023 01:51:25 +0000 (UTC)",Instacart <no-reply@instacart.com>,luisixsubject@jigglemail.com,Verify your email address,Keep your account secure Please click the button below to confirm your email address so you can always access your account and receive important information from us. Verify your email If you did not,"CATEGORY_UPDATES, INBOX",https://mail.google.com/mail/u/0/#inbox/18c28394a360bcf7
18c2837a5db6f49b,18c28272a1b6c697,"Sat, 02 Dec 2023 01:49:37 +0000 (UTC)",Instacart <no-reply@instacart.com>,reidthinkpadthong@jigglemail.com,Verify your email address,Keep your account secure Please click the button below to confirm your email address so you can always access your account and receive important information from us. Verify your email If you did not,"CATEGORY_UPDATES, INBOX",https://mail.google.com/mail/u/0/#inbox/18c2837a5db6f49b
18c2836e2b4290c6,18c28272a1b6c697,"Sat, 02 Dec 2023 01:48:47 +0000 (UTC)",Instacart <no-reply@instacart.com>,physiciangangsuppose@jigglemail.com,Verify your email address,Keep your account secure Please click the button below to confirm your email address so you can always access your account and receive important information from us. Verify your email If you did not,"CATEGORY_UPDATES, INBOX",https://mail.google.com/mail/u/0/#inbox/18c2836e2b4290c6
18c2836a5591892f,18c28272a1b6c697,"Sat, 02 Dec 2023 01:48:29 +0000 (UTC)",Instacart <no-reply@instacart.com>,newfoundlandbeadsfloors@jigglemail.com,Verify your email address,Keep your account secure Please click the button below to confirm your email address so you can always access your account and receive important information from us. Verify your email If you did not,"CATEGORY_UPDATES, INBOX",https://mail.google.com/mail/u/0/#inbox/18c2836a5591892f
18c283679169cf1b,18c28272a1b6c697,"Sat, 02 Dec 2023 01:48:20 +0000 (UTC)",Instacart <no-reply@instacart.com>,dishaccrhythm@jigglemail.com,Verify your email address,Keep your account secure Please click the button below to confirm your email address so you can always access your account and receive important information from us. Verify your email If you did not,"CATEGORY_UPDATES, INBOX",https://mail.google.com/mail/u/0/#inbox/18c283679169cf1b
18c283648e8e62cc,18c28272a1b6c697,"Sat, 02 Dec 2023 01:48:08 +0000 (UTC)",Instacart <no-reply@instacart.com>,ilpleasantopera@jigglemail.com,Verify your email address,Keep your account secure Please click the button below to confirm your email address so you can always access your account and receive important information from us. Verify your email If you did not,"CATEGORY_UPDATES, INBOX",https://mail.google.com/mail/u/0/#inbox/18c283648e8e62cc
18c28355835eb28a,18c28272a1b6c697,"Sat, 02 Dec 2023 01:47:01 +0000 (UTC)",Instacart <no-reply@instacart.com>,computingtokenonly@jigglemail.com,Verify your email address,Keep your account secure Please click the button below to confirm your email address so you can always access your account and receive important information from us. Verify your email If you did not,"CATEGORY_UPDATES, INBOX",https://mail.google.com/mail/u/0/#inbox/18c28355835eb28a
18c2834eab0de6ba,18c28272a1b6c697,"Sat, 02 Dec 2023 01:46:33 +0000 (UTC)",Instacart <no-reply@instacart.com>,brookssystemecological@jigglemail.com,Verify your email address,Keep your account secure Please click the button below to confirm your email address so you can always access your account and receive important information from us. Verify your email If you did not,"CATEGORY_UPDATES, INBOX",https://mail.google.com/mail/u/0/#inbox/18c2834eab0de6ba
18c28343814a6d52,18c28272a1b6c697,"Sat, 02 Dec 2023 01:45:53 +0000 (UTC)",Instacart <no-reply@instacart.com>,richardmonthsphilip@jigglemail.com,Verify your email address,Keep your account secure Please click the button below to confirm your email address so you can always access your account and receive important information from us. Verify your email If you did not,"CATEGORY_UPDATES, INBOX",https://mail.google.com/mail/u/0/#inbox/18c28343814a6d52
18c2833fb4e62d55,18c28272a1b6c697,"Sat, 02 Dec 2023 01:45:34 +0000 (UTC)",Instacart <no-reply@instacart.com>,wanteddublingamma@jigglemail.com,Verify your email address,Keep your account secure Please click the button below to confirm your email address so you can always access your account and receive important information from us. Verify your email If you did not,"CATEGORY_UPDATES, INBOX",https://mail.google.com/mail/u/0/#inbox/18c2833fb4e62d55
18c2832e9808d88b,18c28272a1b6c697,"Sat, 02 Dec 2023 01:44:27 +0000 (UTC)",Instacart <no-reply@instacart.com>,boundariesgilbertrome@jigglemail.com,Verify your email address,Keep your account secure Please click the button below to confirm your email address so you can always access your account and receive important information from us. Verify your email If you did not,"CATEGORY_UPDATES, INBOX",https://mail.google.com/mail/u/0/#inbox/18c2832e9808d88b
18c2832b31a49619,18c28272a1b6c697,"Sat, 02 Dec 2023 01:44:13 +0000 (UTC)",Instacart <no-reply@instacart.com>,feefilteringhockey@jigglemail.com,Verify your email address,Keep your account secure Please click the button below to confirm your email address so you can always access your account and receive important information from us. Verify your email If you did not,"CATEGORY_UPDATES, INBOX",https://mail.google.com/mail/u/0/#inbox/18c2832b31a49619
18c28323891896e3,18c28272a1b6c697,"Sat, 02 Dec 2023 01:43:37 +0000 (UTC)",Instacart <no-reply@instacart.com>,grasnursingdetection@jigglemail.com,Verify your email address,Keep your account secure Please click the button below to confirm your email address so you can always access your account and receive important information from us. Verify your email If you did not,"CATEGORY_UPDATES, INBOX",https://mail.google.com/mail/u/0/#inbox/18c28323891896e3
18c28320859df049,18c28272a1b6c697,"Sat, 02 Dec 2023 01:43:28 +0000 (UTC)",Instacart <no-reply@instacart.com>,ebooksspeaksbaby@jigglemail.com,Verify your email address,Keep your account secure Please click the button below to confirm your email address so you can always access your account and receive important information from us. Verify your email If you did not,"CATEGORY_UPDATES, INBOX",https://mail.google.com/mail/u/0/#inbox/18c28320859df049
18c2831c47b4fda3,18c28272a1b6c697,"Sat, 02 Dec 2023 01:43:12 +0000 (UTC)",Instacart <no-reply@instacart.com>,screenslendershierarchy@jigglemail.com,Verify your email address,Keep your account secure Please click the button below to confirm your email address so you can always access your account and receive important information from us. Verify your email If you did not,"CATEGORY_UPDATES, INBOX",https://mail.google.com/mail/u/0/#inbox/18c2831c47b4fda3
18c283035d66ee12,18c28272a1b6c697,"Sat, 02 Dec 2023 01:41:30 +0000 (UTC)",Instacart <no-reply@instacart.com>,vectorworldsnebraska@jigglemail.com,Verify your email address,Keep your account secure Please click the button below to confirm your email address so you can always access your account and receive important information from us. Verify your email If you did not,"CATEGORY_UPDATES, INBOX",https://mail.google.com/mail/u/0/#inbox/18c283035d66ee12
18c28276b75cf565,18c28272a1b6c697,"Sat, 02 Dec 2023 01:31:52 +0000 (UTC)",Instacart <no-reply@instacart.com>,walteralberthad@jigglemail.com,Verify your email address,Keep your account secure Please click the button below to confirm your email address so you can always access your account and receive important information from us. Verify your email If you did not,"CATEGORY_UPDATES, INBOX",https://mail.google.com/mail/u/0/#inbox/18c28276b75cf565
18c28272a1b6c697,18c28272a1b6c697,"Sat, 02 Dec 2023 01:31:36 +0000 (UTC)",Instacart <no-reply@instacart.com>,paperscoastalcountries@jigglemail.com,Verify your email address,Keep your account secure Please click the button below to confirm your email address so you can always access your account and receive important information from us. Verify your email If you did not,"CATEGORY_UPDATES, INBOX",https://mail.google.com/mail/u/0/#inbox/18c28272a1b6c697
